endbulb_class,hsr_num,msr_num,lsr_num,weight_hsr,weight_lsr,weight_msr
tonic,16,2,2,1.2296483249857916e-08,5.379854896089e-08,2.242956463848236e-08
tonic,24,3,3,9.904199455981767e-09,4.126734409381089e-08,1.915632981112793e-08
10%-depressing,32,4,4,7.087872716086488e-09,3.133731016969702e-08,1.371408111702791e-08
tonic,32,4,4,8.537271910590168e-09,3.110788637641781e-08,1.6896742688532416e-08
yang2009,32,4,4,1.1008614496194707e-08,4.68649695826788e-08,1.3997687490086696e-08
10%-depressing,40,5,5,6.366758999588742e-09,2.8717126677787802e-08,1.1754739928775416e-08
tonic,40,5,5,7.654324956342102e-09,2.972663471306952e-08,1.5414682602285782e-08
yang2009,40,5,5,9.716719164866913e-09,4.730622742943892e-08,1.3269880392607506e-08
